{"cameraMode":{"drawMode":0,"name":"Shaded","section":"Shading Mode"},"sceneLighting":true,"audioPlay":false,"sceneViewState":{"showFog":false,"showMaterialUpdate":false,"showSkybox":true,"showFlares":false,"showImageEffects":false,"showParticleSystems":false},"in2DMode":false,"pivot":{"x":0.08535663783550263,"y":-0.7063579559326172,"z":-1.7462949752807618},"rotation":{"x":-0.4766005277633667,"y":-0.0071244449354708199,"z":0.0038626922760158779,"w":-0.8790853023529053},"size":22.0,"orthographic":false}