{"cameraMode":{"drawMode":0,"name":"Shaded","section":"Shading Mode"},"sceneLighting":false,"audioPlay":false,"sceneViewState":{"showFog":false,"showMaterialUpdate":false,"showSkybox":false,"showFlares":false,"showImageEffects":false,"showParticleSystems":false},"in2DMode":false,"pivot":{"x":3.2200000286102297,"y":0.5899999737739563,"z":0.0},"rotation":{"x":0.08212984353303909,"y":-0.9101695418357849,"z":0.21839550137519837,"w":0.34227457642555239},"size":4.612006187438965,"orthographic":false}